collection	level	cut	recall	precision	n_selected
curated	sensitive	0.72	0.9768294715785965	0.9491415613864593	6174
curated	balanced	0.785	0.9596599433238873	0.9552015928322548	6027
curated	strict	0.9363	0.7641273545590932	0.9813744380218369	4671
CHGV	sensitive	0.72	0.4742798353909465	0.9684873949579832	1428
CHGV	balanced	0.785	0.411522633744856	0.9811937857726901	1223
CHGV	strict	0.9363	0.24382716049382716	0.9930167597765364	716
Shkoporov	sensitive	0.72	0.7220708446866485	0.5427547363031234	1953
Shkoporov	balanced	0.785	0.6668937329700273	0.6149497487437185	1592
Shkoporov	strict	0.9363	0.40735694822888285	0.6749435665914221	886
